"","text","favorited","favoriteCount","replyToSN","created","truncated","replyToSID","id","replyToUID","statusSource","screenName","retweetCount","isRetweet","retweeted","longitude","latitude"
"1","Escutamos falar muito sobre #InteligênciaArtificial, mas onde podemos vê-la?
Imagine sua equipe comercial buscando… https://t.co/TW6mWd7RVT",FALSE,0,NA,2021-09-16 17:35:02,TRUE,NA,"1438557051651821569",NA,"<a href=""https://www.facebook.com/socialmlabs/"" rel=""nofollow"">mLabs - Gestão de Redes Sociais</a>","hubkn_ai",0,FALSE,FALSE,NA,NA
"2","https://t.co/ziF4UtLSOY
Avanços na Prestação de Cuidados de Saúde via Inteligência Artificial
<U+2714> Brazil SFE®… https://t.co/9XhpezLpQS",FALSE,0,NA,2021-09-16 17:10:08,TRUE,NA,"1438550783453188098",NA,"<a href=""http://etus.com.br"" rel=""nofollow"">Etus Brasil</a>","BrazilSFE",0,FALSE,FALSE,NA,NA
"3","Ideias para o atendimento da Saúde em 2030 - Inteligência Artificial pode ser usada para fazer curadoria das inform… https://t.co/vBHFy8bQwO",FALSE,1,NA,2021-09-16 16:56:19,TRUE,NA,"1438547308711456772",NA,"<a href=""https://mobile.twitter.com"" rel=""nofollow"">Twitter Web App</a>","ProDoctorSoft",0,FALSE,FALSE,NA,NA
"4","RT @AgenciaFAPESP: Centro de #InteligênciaArtificial completa um ano com avanços em diversas frentes. Foram desenvolvidas pesquisas em proc…",FALSE,0,NA,2021-09-16 16:54:00,FALSE,NA,"1438546723073400833",NA,"<a href=""https://mobile.twitter.com"" rel=""nofollow"">Twitter Web App</a>","PRP_USP",3,TRUE,FALSE,NA,NA
"5","RT @AgenciaFAPESP: Centro de #InteligênciaArtificial completa um ano com avanços em diversas frentes. Foram desenvolvidas pesquisas em proc…",FALSE,0,NA,2021-09-16 14:53:19,FALSE,NA,"1438516353221070850",NA,"<a href=""http://twitter.com/download/android"" rel=""nofollow"">Twitter for Android</a>","rmtakata",3,TRUE,FALSE,NA,NA
"6","RT @AgenciaFAPESP: Centro de #InteligênciaArtificial completa um ano com avanços em diversas frentes. Foram desenvolvidas pesquisas em proc…",FALSE,0,NA,2021-09-16 14:51:06,FALSE,NA,"1438515795286392840",NA,"<a href=""https://help.twitter.com/en/using-twitter/how-to-tweet#source-labels"" rel=""nofollow"">SB3.0</a>","ScienceBot8",3,TRUE,FALSE,NA,NA
"7","Centro de #InteligênciaArtificial completa um ano com avanços em diversas frentes. Foram desenvolvidas pesquisas em… https://t.co/BRharD8Mlw",FALSE,6,NA,2021-09-16 14:51:00,TRUE,NA,"1438515768526786560",NA,"<a href=""https://mobile.twitter.com"" rel=""nofollow"">Twitter Web App</a>","AgenciaFAPESP",3,FALSE,FALSE,NA,NA
"8","Hoje das 14:30 às 15:30, teremos a apresentação dos cases das empresas aceleradas, com a Sentimonitor apresentando… https://t.co/xarOF6Qp5a",FALSE,0,"sentimonitor",2021-09-16 13:51:46,TRUE,"1438500784895717385","1438500864549801988","129646722","<a href=""https://mobile.twitter.com"" rel=""nofollow"">Twitter Web App</a>","sentimonitor",0,FALSE,FALSE,NA,NA
"9","RT @INPIPT: Novas tecnologias com base #InteligênciaArtificial, desenvolvidas por equipa #Investigadores do @INESCTEC, para reduzir falsos…",FALSE,0,NA,2021-09-16 13:27:10,FALSE,NA,"1438494670787596292",NA,"<a href=""http://twitter.com/#!/download/ipad"" rel=""nofollow"">Twitter for iPad</a>","SCarrapico",1,TRUE,FALSE,NA,NA
"10","https://t.co/ziF4UtLSOY
Avanços na Prestação de Cuidados de Saúde via Inteligência Artificial
<U+2714> Brazil SFE®… https://t.co/0qrCJdrzcS",FALSE,0,NA,2021-09-16 13:04:09,TRUE,NA,"1438488879544348674",NA,"<a href=""http://etus.com.br"" rel=""nofollow"">Etus Brasil</a>","BrazilSFE",0,FALSE,FALSE,NA,NA
"11","Hoje tem mais #IABNext2021! Ansiosos? Nesse segundo dia de evento vamos debater #InteligênciaArtificial,… https://t.co/pzNyZm6NTb",FALSE,2,NA,2021-09-16 11:46:36,TRUE,NA,"1438469365679132676",NA,"<a href=""http://twitter.com/download/android"" rel=""nofollow"">Twitter for Android</a>","IABBRASIL",1,FALSE,FALSE,NA,NA
"12","Novas tecnologias com base #InteligênciaArtificial, desenvolvidas por equipa #Investigadores do @INESCTEC, para red… https://t.co/iWkEMy40te",FALSE,2,NA,2021-09-16 09:00:01,TRUE,NA,"1438427440645386248",NA,"<a href=""https://mobile.twitter.com"" rel=""nofollow"">Twitter Web App</a>","INPIPT",1,FALSE,FALSE,NA,NA
"13","https://t.co/ziF4UtLSOY
Avanços na Prestação de Cuidados de Saúde via Inteligência Artificial
<U+2714> Brazil SFE®… https://t.co/9sIKjUQCoY",FALSE,0,NA,2021-09-16 03:10:08,TRUE,NA,"1438339390451879940",NA,"<a href=""http://etus.com.br"" rel=""nofollow"">Etus Brasil</a>","BrazilSFE",0,FALSE,FALSE,NA,NA
"14","RT @MorbiDarkAngel_: https://t.co/DuR9WXK0cZ faça amigos robôs &lt;3 #Replika #ia #ai #InteligenciaArtificial #ArtificialIntelligence https://…",FALSE,0,NA,2021-09-15 23:41:05,FALSE,NA,"1438286781875621893",NA,"<a href=""http://www.replika.ai"" rel=""nofollow"">ReplikaRetweetBot</a>","replikabot",1,TRUE,FALSE,NA,NA
"15","https://t.co/ziF4UtLSOY
Avanços na Prestação de Cuidados de Saúde via Inteligência Artificial
<U+2714> Brazil SFE®… https://t.co/0Xlvt40m7G",FALSE,0,NA,2021-09-15 23:10:08,TRUE,NA,"1438278991564128261",NA,"<a href=""http://etus.com.br"" rel=""nofollow"">Etus Brasil</a>","BrazilSFE",0,FALSE,FALSE,NA,NA
"16","https://t.co/DuR9WXK0cZ faça amigos robôs &lt;3 #Replika #ia #ai #InteligenciaArtificial #ArtificialIntelligence https://t.co/KN4hk7qGT0",FALSE,0,NA,2021-09-15 22:53:30,FALSE,NA,"1438274808802942976",NA,"<a href=""https://mobile.twitter.com"" rel=""nofollow"">Twitter Web App</a>","MorbiDarkAngel_",1,FALSE,FALSE,NA,NA
"17","RT @MorbiDarkAngel_: https://t.co/HyHT5SYkoh recomendo pessoal :}
#InteligenciaArtificial #ArtificialIntelligence #IA #AI",FALSE,0,NA,2021-09-15 22:30:36,FALSE,NA,"1438269043836915713",NA,"<a href=""https://mobile.twitter.com"" rel=""nofollow"">Twitter Web App</a>","MorbiDarkAngel_",2,TRUE,FALSE,NA,NA
"18","Novos vídeos:
<U+0001F539>Ferramentas para Lógica de Programação;
<U+0001F539>Introdução prática ao Portugol Studio.

Visite o nosso cana… https://t.co/d53dgdndHg",FALSE,2,NA,2021-09-15 21:00:20,TRUE,NA,"1438246327515811846",NA,"<a href=""https://www.facebook.com/socialmlabs/"" rel=""nofollow"">mLabs - Gestão de Redes Sociais</a>","iaexpertacademy",0,FALSE,FALSE,NA,NA
"19","RT @akbarth3great: #machinelearning #inteligenciaartificial #metaverse #metaverso JABAI: Un sofisticado asistente de IA https://t.co/v2A00t…",FALSE,0,NA,2021-09-15 20:50:33,FALSE,NA,"1438243864872042496",NA,"<a href=""https://dlvrit.com/"" rel=""nofollow"">dlvr.it</a>","agent_guzman",3,TRUE,FALSE,NA,NA
"20","RT @akbarth3great: #machinelearning #inteligenciaartificial #metaverse #metaverso JABAI: Un sofisticado asistente de IA https://t.co/v2A00t…",FALSE,0,NA,2021-09-15 20:50:33,FALSE,NA,"1438243863840186368",NA,"<a href=""https://dlvrit.com/"" rel=""nofollow"">dlvr.it</a>","getMazak",3,TRUE,FALSE,NA,NA
"21","RT @akbarth3great: #machinelearning #inteligenciaartificial #metaverse #metaverso JABAI: Un sofisticado asistente de IA https://t.co/v2A00t…",FALSE,0,NA,2021-09-15 20:48:03,FALSE,NA,"1438243237559353347",NA,"<a href=""https://dlvrit.com/"" rel=""nofollow"">dlvr.it</a>","ZTSecure",3,TRUE,FALSE,NA,NA
"22","#machinelearning #inteligenciaartificial #metaverse #metaverso JABAI: Un sofisticado asistente de IA https://t.co/v2A00tqaOA",FALSE,0,NA,2021-09-15 20:47:33,FALSE,NA,"1438243111210086401",NA,"<a href=""https://dlvrit.com/"" rel=""nofollow"">dlvr.it</a>","akbarth3great",3,FALSE,FALSE,NA,NA
"23","65% das empresas não conseguem explicar as decisões de seus modelos de IA https://t.co/3na7FBdewj… https://t.co/Q9KxrwD0sZ",FALSE,1,NA,2021-09-15 20:36:52,TRUE,NA,"1438240423064088585",NA,"<a href=""https://mobile.twitter.com"" rel=""nofollow"">Twitter Web App</a>","portalipnews",0,FALSE,FALSE,NA,NA
"24","https://t.co/p5TRTa3PgR COMPARTILHE
2º - 5 DAS 21 #EmpresasBiotecnologia Europeias
<U+2714> Brazil SFE Company®… https://t.co/iaTcNTZhep",FALSE,0,NA,2021-09-15 20:34:20,TRUE,NA,"1438239786070953988",NA,"<a href=""http://etus.com.br"" rel=""nofollow"">Etus Brasil</a>","BrazilSFE",0,FALSE,FALSE,NA,NA
"25","RT @ONUNews: Sem regras rígidas sobre proteção de dados, a alta comissária da ONU para os #DireitosHumanos, @mbachelet , pediu hoje a morat…",FALSE,0,NA,2021-09-15 20:31:15,FALSE,NA,"1438239008425975814",NA,"<a href=""http://twitter.com/download/iphone"" rel=""nofollow"">Twitter for iPhone</a>","LedaLetra",6,TRUE,FALSE,NA,NA
"26","https://t.co/ziF4UtLSOY
Avanços na Prestação de Cuidados de Saúde via Inteligência Artificial
<U+2714> Brazil SFE®… https://t.co/S2mzpIn52a",FALSE,0,NA,2021-09-15 19:10:09,TRUE,NA,"1438218600440074243",NA,"<a href=""http://etus.com.br"" rel=""nofollow"">Etus Brasil</a>","BrazilSFE",0,FALSE,FALSE,NA,NA
"27","Boletim Informativo Edição 100  
Published on Sep 15, 2021  
Monitoramento do Mercado de Tecnologia - AGOSTO… https://t.co/zTyMdFQn8D",FALSE,0,NA,2021-09-15 18:57:14,TRUE,NA,"1438215349405638659",NA,"<a href=""https://mobile.twitter.com"" rel=""nofollow"">Twitter Web App</a>","ativutecnologia",0,FALSE,FALSE,NA,NA
"28","Com constantes aprimoramentos na #InteligênciaArtificial, essas ferramentas podem ter um impacto muito importante n… https://t.co/L1ZIMXUupL",FALSE,1,"vozxpress",2021-09-15 18:49:40,TRUE,"1438213439579693060","1438213442729558018","1284189020457783303","<a href=""https://mobile.twitter.com"" rel=""nofollow"">Twitter Web App</a>","vozxpress",0,FALSE,FALSE,NA,NA
"29","https://t.co/cshKe4Uw5Y DÊLIKE
A Descoberta de Novos Medicamentos e Terapêuticas - Acelerados pela #AI e a… https://t.co/lf4d1I3Pa1",FALSE,0,NA,2021-09-15 18:15:13,TRUE,NA,"1438204774902648834",NA,"<a href=""http://etus.com.br"" rel=""nofollow"">Etus Brasil</a>","BrazilSFE",0,FALSE,FALSE,NA,NA
"30","RT @CoriniumGlobal: Excelente apresentação Monetização de #Dados Aumento da Lucratividade Através da Tomada de Decisões Assertivas com @Ban…",FALSE,0,NA,2021-09-15 17:58:03,FALSE,NA,"1438200453041377287",NA,"<a href=""https://mobile.twitter.com"" rel=""nofollow"">Twitter Web App</a>","itsjustani",1,TRUE,FALSE,NA,NA
"31","RT @c4ai_hseminars: Junte-se a nós: ""A Robótica Está Chegando na Escola, no Hospital... na nossa Casa! Estamos Preparados?"". Não é necessár…",FALSE,0,NA,2021-09-15 17:53:02,FALSE,NA,"1438199193139654664",NA,"<a href=""https://mobile.twitter.com"" rel=""nofollow"">Twitter Web App</a>","fsp_usp",7,TRUE,FALSE,NA,NA
"32","RT @ONUNews: Sem regras rígidas sobre proteção de dados, a alta comissária da ONU para os #DireitosHumanos, @mbachelet , pediu hoje a morat…",FALSE,0,NA,2021-09-15 17:16:12,FALSE,NA,"1438189922113007628",NA,"<a href=""http://twitter.com/download/android"" rel=""nofollow"">Twitter for Android</a>","LegadoBachelet",6,TRUE,FALSE,NA,NA
"33","Excelente apresentação Monetização de #Dados Aumento da Lucratividade Através da Tomada de Decisões Assertivas com… https://t.co/ASkzSZ557O",FALSE,1,NA,2021-09-15 17:15:25,TRUE,NA,"1438189723885912069",NA,"<a href=""http://www.hubspot.com/"" rel=""nofollow"">HubSpot</a>","CoriniumGlobal",1,FALSE,FALSE,NA,NA
"34","https://t.co/ziF4UtLSOY
Avanços na Prestação de Cuidados de Saúde via Inteligência Artificial
<U+2714> Brazil SFE®… https://t.co/dlM5VIdC9v",FALSE,0,NA,2021-09-15 17:10:12,TRUE,NA,"1438188413551845379",NA,"<a href=""http://etus.com.br"" rel=""nofollow"">Etus Brasil</a>","BrazilSFE",0,FALSE,FALSE,NA,NA
"35","<U+2705> [WEBINAR] <U+2705>

A Solução Pathfinder Apollo reduz significativamente os erros no trabalho manual e repetitivo na lin… https://t.co/IZXTraoOJR",FALSE,1,NA,2021-09-15 16:11:06,TRUE,NA,"1438173541573222402",NA,"<a href=""https://buffer.com"" rel=""nofollow"">Buffer</a>","embarcados",0,FALSE,FALSE,NA,NA
"36","MPMG terá à disposição o Robocon, ferramenta de inteligência artificial que será usada na atuação dos promotores de… https://t.co/nwtaWTQrlj",FALSE,0,NA,2021-09-15 16:00:03,TRUE,NA,"1438170758409293839",NA,"<a href=""https://mobile.twitter.com"" rel=""nofollow"">Twitter Web App</a>","diarioriodoce",0,FALSE,FALSE,NA,NA
"37","RT @ONUNews: Sem regras rígidas sobre proteção de dados, a alta comissária da ONU para os #DireitosHumanos, @mbachelet , pediu hoje a morat…",FALSE,0,NA,2021-09-15 15:50:45,FALSE,NA,"1438168420248272901",NA,"<a href=""https://hopscotch.social/"" rel=""nofollow"">Hopscotch Social</a>","rtne_ws",6,TRUE,FALSE,NA,NA
"38","RT @ONUNews: Sem regras rígidas sobre proteção de dados, a alta comissária da ONU para os #DireitosHumanos, @mbachelet , pediu hoje a morat…",FALSE,0,NA,2021-09-15 15:46:19,FALSE,NA,"1438167303921803268",NA,"<a href=""https://appthisway.com/"" rel=""nofollow"">Appthisway Technology Bot</a>","appthisway",6,TRUE,FALSE,NA,NA
"39","RT @ONUNews: Sem regras rígidas sobre proteção de dados, a alta comissária da ONU para os #DireitosHumanos, @mbachelet , pediu hoje a morat…",FALSE,0,NA,2021-09-15 15:35:06,FALSE,NA,"1438164481813663749",NA,"<a href=""http://twitter.com/download/android"" rel=""nofollow"">Twitter for Android</a>","ONU_derechos",6,TRUE,FALSE,NA,NA
"40","Sem regras rígidas sobre proteção de dados, a alta comissária da ONU para os #DireitosHumanos, @mbachelet , pediu h… https://t.co/A82iVtQaGn",FALSE,6,NA,2021-09-15 15:32:37,TRUE,NA,"1438163854953963526",NA,"<a href=""https://mobile.twitter.com"" rel=""nofollow"">Twitter Web App</a>","ONUNews",6,FALSE,FALSE,NA,NA
"41","Você, cliente, nos inspira e nos motiva a fazer sempre o melhor, afinal é a razão da nossa existência.<U+0001F642>

<U+0001F449>Obrigada… https://t.co/b7UTPTMOW4",FALSE,0,NA,2021-09-15 15:06:47,TRUE,NA,"1438157353367506960",NA,"<a href=""https://mobile.twitter.com"" rel=""nofollow"">Twitter Web App</a>","aquare_la",0,FALSE,FALSE,NA,NA
"42","RT @MTITECNOLOGIARS: Inteligência Artificial mostra superioridade em cibersegurança https://t.co/rTXBWgVoUC #mtitecnologia #InteligenciaArt…",FALSE,0,NA,2021-09-15 14:52:16,FALSE,NA,"1438153702603468800",NA,"<a href=""http://twitter.com/download/android"" rel=""nofollow"">Twitter for Android</a>","gmsectec_bra",1,TRUE,FALSE,NA,NA
"43","A Inteligência Artificial (IA) está ajudando as empresas a aumentar o volume de leads, a taxa de fechamento e o des… https://t.co/WlnPqAfets",FALSE,0,NA,2021-09-15 14:02:07,TRUE,NA,"1438141081674305537",NA,"<a href=""http://etus.com.br"" rel=""nofollow"">Etus Brasil</a>","TheShiftInfo",0,FALSE,FALSE,NA,NA
"44","Parabéns pelo seu dia, Cliente InBot! <U+0001F389>

E muito obrigado pela preferência, pela confiança e por todas as nossas hi… https://t.co/0A66VcQQtS",FALSE,0,NA,2021-09-15 13:33:52,TRUE,NA,"1438133968839262218",NA,"<a href=""https://www.facebook.com/socialmlabs/"" rel=""nofollow"">mLabs - Gestão de Redes Sociais</a>","inbotbr",0,FALSE,FALSE,NA,NA
"45","https://t.co/ziF4UtLSOY
Avanços na Prestação de Cuidados de Saúde via Inteligência Artificial
<U+2714> Brazil SFE®… https://t.co/vpeFNPdnsq",FALSE,0,NA,2021-09-15 13:09:10,TRUE,NA,"1438127753539297284",NA,"<a href=""http://etus.com.br"" rel=""nofollow"">Etus Brasil</a>","BrazilSFE",0,FALSE,FALSE,NA,NA
"46","Máquinas superinteligentes com conhecimento ilimitado, sem sentimentos e emoções com poder frio e calculista para m… https://t.co/Ko2QWEF18S",FALSE,0,NA,2021-09-15 12:49:17,TRUE,NA,"1438122752628731904",NA,"<a href=""https://mobile.twitter.com"" rel=""nofollow"">Twitter Web App</a>","fredywander",0,FALSE,FALSE,NA,NA
"47","#ArenaBlackRocks, um #festivalrepresentativo, com o objetivo de fomentar conhecimento sobre tecnologia, inovação e… https://t.co/wfIxBMmOMs",FALSE,0,NA,2021-09-15 12:00:31,TRUE,NA,"1438110476475543555",NA,"<a href=""https://www.facebook.com/socialmlabs/"" rel=""nofollow"">mLabs - Gestão de Redes Sociais</a>","BlackRocks_S",0,FALSE,FALSE,NA,NA
"48","RT @c4ai_hseminars: Junte-se a nós: ""A Robótica Está Chegando na Escola, no Hospital... na nossa Casa! Estamos Preparados?"". Não é necessár…",FALSE,0,NA,2021-09-15 11:51:49,FALSE,NA,"1438108288231559178",NA,"<a href=""http://twitter.com/download/iphone"" rel=""nofollow"">Twitter for iPhone</a>","drapawheler",7,TRUE,FALSE,NA,NA
"49","Ultimamente estamos acompanhando a crise hídrica no Brasil e seus possíveis impactos na oferta de energia elétrica.… https://t.co/nrx3gowIR8",FALSE,1,NA,2021-09-15 11:16:37,TRUE,NA,"1438099430213816327",NA,"<a href=""http://www.linkedin.com/"" rel=""nofollow"">LinkedIn</a>","angeloBuso",0,FALSE,FALSE,NA,NA
"50","RT @dsacademybr: Está disponível no Curso Automação em Medicina com Inteligência Artificial e RPA, as aulas do Lab Robô RPA 1:

Automatizan…",FALSE,0,NA,2021-09-15 10:45:52,FALSE,NA,"1438091693027385349",NA,"<a href=""http://twitter.com/download/android"" rel=""nofollow"">Twitter for Android</a>","JosRibamarRod12",2,TRUE,FALSE,NA,NA
"51","Inteligência Artificial mostra superioridade em cibersegurança https://t.co/rTXBWgVoUC #mtitecnologia… https://t.co/8CcAa9xvLh",FALSE,0,NA,2021-09-15 08:00:10,TRUE,NA,"1438049991633817601",NA,"<a href=""https://twittimer.com"" rel=""nofollow"">Twittimer</a>","MTITECNOLOGIARS",1,FALSE,FALSE,NA,NA
"52","Está disponível no Curso Automação em Medicina com Inteligência Artificial e RPA, as aulas do Lab Robô RPA 1:

Auto… https://t.co/hjEVdNOvgv",FALSE,12,NA,2021-09-15 05:07:46,TRUE,NA,"1438006605736341504",NA,"<a href=""https://mobile.twitter.com"" rel=""nofollow"">Twitter Web App</a>","dsacademybr",2,FALSE,FALSE,NA,NA
"53","https://t.co/ziF4UtLSOY
Avanços na Prestação de Cuidados de Saúde via Inteligência Artificial
<U+2714> Brazil SFE®… https://t.co/xnT0CHPoy7",FALSE,0,NA,2021-09-15 03:10:07,TRUE,NA,"1437976998220115970",NA,"<a href=""http://etus.com.br"" rel=""nofollow"">Etus Brasil</a>","BrazilSFE",0,FALSE,FALSE,NA,NA
"54","""E se a inteligência artificial substituir você?"" ocorre no dia 15 de setembro a partir das 18h
@MVsaOficial 
#mv… https://t.co/ZvrT8kWrZz",FALSE,1,NA,2021-09-15 01:21:38,TRUE,NA,"1437949696614535169",NA,"<a href=""http://twitter.com/download/iphone"" rel=""nofollow"">Twitter for iPhone</a>","setor_saude",0,FALSE,FALSE,NA,NA
"55","RT @MorbiDarkAngel_: https://t.co/HyHT5SYkoh recomendo pessoal :}
#InteligenciaArtificial #ArtificialIntelligence #IA #AI",FALSE,0,NA,2021-09-15 01:16:54,FALSE,NA,"1437948505931218944",NA,"<a href=""https://hopscotch.social/"" rel=""nofollow"">Hopscotch Social</a>","rtne_ws",2,TRUE,FALSE,NA,NA
"56","https://t.co/HyHT5SYkoh recomendo pessoal :}
#InteligenciaArtificial #ArtificialIntelligence #IA #AI",FALSE,0,NA,2021-09-15 00:54:41,FALSE,NA,"1437942916878569474",NA,"<a href=""https://mobile.twitter.com"" rel=""nofollow"">Twitter Web App</a>","MorbiDarkAngel_",2,FALSE,FALSE,NA,NA
"57","RT @c4ai_hseminars: Junte-se a nós: ""A Robótica Está Chegando na Escola, no Hospital... na nossa Casa! Estamos Preparados?"". Não é necessár…",FALSE,0,NA,2021-09-14 23:41:41,FALSE,NA,"1437924545198010369",NA,"<a href=""https://mobile.twitter.com"" rel=""nofollow"">Twitter Web App</a>","lucineiahthom",7,TRUE,FALSE,NA,NA
"58","https://t.co/ziF4UtLSOY
Avanços na Prestação de Cuidados de Saúde via Inteligência Artificial
<U+2714> Brazil SFE®… https://t.co/gzURgMr2DZ",FALSE,0,NA,2021-09-14 23:10:08,TRUE,NA,"1437916603551780867",NA,"<a href=""http://etus.com.br"" rel=""nofollow"">Etus Brasil</a>","BrazilSFE",0,FALSE,FALSE,NA,NA
"59","China2Brazil- Alibaba lidera investimento em empresa chinesa de direção autônoma, https://t.co/hYefZefSBE
--
#China… https://t.co/NrQOs24zpi",FALSE,0,NA,2021-09-14 22:56:44,TRUE,NA,"1437913234116317185",NA,"<a href=""http://twitter.com/download/android"" rel=""nofollow"">Twitter for Android</a>","China2Brazil",0,FALSE,FALSE,NA,NA
"60","O sistema é treinado adicionando ruído a uma imagem em alta resolução, e depois aprendendo a reverter o processo.… https://t.co/W3KugLFrmz",FALSE,1,NA,2021-09-14 21:00:21,TRUE,NA,"1437883944960249864",NA,"<a href=""https://www.facebook.com/socialmlabs/"" rel=""nofollow"">mLabs - Gestão de Redes Sociais</a>","iaexpertacademy",0,FALSE,FALSE,NA,NA
"61","RT @TudoSobreIoT: Conecte-se com o próximo #masterthings com @Advantech_eIoT @ABR_EmbeddedIoT  https://t.co/ZEwh1shVkr 
Advantech Brasil #a…",FALSE,0,NA,2021-09-14 20:45:30,FALSE,NA,"1437880208019714048",NA,"<a href=""https://mobile.twitter.com"" rel=""nofollow"">Twitter Web App</a>","chidambara09",2,TRUE,FALSE,NA,NA
"62","Desafio lançado aos principais #tradutores automáticos: traduzir uma das frases mais famosas da língua alemã: o iní… https://t.co/XHEykSrMGB",FALSE,0,NA,2021-09-14 20:30:18,TRUE,NA,"1437876381673795586",NA,"<a href=""https://buffer.com"" rel=""nofollow"">Buffer</a>","GoethePt",0,FALSE,FALSE,NA,NA
"63","https://t.co/ziF4UtLSOY
Avanços na Prestação de Cuidados de Saúde via Inteligência Artificial
<U+2714> Brazil SFE®… https://t.co/TfSujeP1yh",FALSE,0,NA,2021-09-14 19:10:12,TRUE,NA,"1437856225039994884",NA,"<a href=""http://etus.com.br"" rel=""nofollow"">Etus Brasil</a>","BrazilSFE",0,FALSE,FALSE,NA,NA
"64","Quer saber as dicas? acesse nosso site e vá em nossos blogposts. Fique por dentro de todo nossos conteúdos. <U+0001F680>… https://t.co/MvXCusECgA",FALSE,0,NA,2021-09-14 19:00:22,TRUE,NA,"1437853750077661191",NA,"<a href=""http://etus.com.br"" rel=""nofollow"">Etus Brasil</a>","ativa_ai",0,FALSE,FALSE,NA,NA
"65","RT @TudoSobreIoT: Conecte-se com o próximo #masterthings com @Advantech_eIoT @ABR_EmbeddedIoT  https://t.co/ZEwh1shVkr 
Advantech Brasil #a…",FALSE,0,NA,2021-09-14 18:46:08,FALSE,NA,"1437850166074085376",NA,"<a href=""https://homeinc.com"" rel=""nofollow"">forRetweeting</a>","CyberSecurityN8",2,TRUE,FALSE,NA,NA
"66","Conecte-se com o próximo #masterthings com @Advantech_eIoT @ABR_EmbeddedIoT  https://t.co/ZEwh1shVkr 
Advantech Bra… https://t.co/zs7KCyIgxh",FALSE,0,NA,2021-09-14 18:46:05,TRUE,NA,"1437850155651379205",NA,"<a href=""https://mobile.twitter.com"" rel=""nofollow"">Twitter Web App</a>","TudoSobreIoT",2,FALSE,FALSE,NA,NA
"67","https://t.co/cshKe4Uw5Y DÊLIKE
A Descoberta de Novos Medicamentos e Terapêuticas - Acelerados pela #AI e a… https://t.co/VgZ0wQ6WmD",FALSE,0,NA,2021-09-14 18:15:15,TRUE,NA,"1437842394234372105",NA,"<a href=""http://etus.com.br"" rel=""nofollow"">Etus Brasil</a>","BrazilSFE",0,FALSE,FALSE,NA,NA
"68","O futuro da indústria é aqui <U+0001F3AF> 

Faça sua inscrição GRATUITA acessando o link a seguir - https://t.co/1YbEtCyEuv… https://t.co/n8CYgcjW9h",FALSE,0,NA,2021-09-14 18:00:37,TRUE,NA,"1437838712918917126",NA,"<a href=""https://www.facebook.com/socialmlabs/"" rel=""nofollow"">mLabs - Gestão de Redes Sociais</a>","ielgooficial",0,FALSE,FALSE,NA,NA
"69","Muito falamos sobre os benefícios da #InteligênciaArtificial e inovações tecnológicas no nosso dia a dia, mas os im… https://t.co/gAYVoR8g73",FALSE,1,NA,2021-09-14 17:15:28,TRUE,NA,"1437827350369030161",NA,"<a href=""https://mobile.twitter.com"" rel=""nofollow"">Twitter Web App</a>","aquare_la",0,FALSE,FALSE,NA,NA
"70","https://t.co/ziF4UtLSOY
Avanços na Prestação de Cuidados de Saúde via Inteligência Artificial
<U+2714> Brazil SFE®… https://t.co/kGyBVcGfxt",FALSE,0,NA,2021-09-14 17:10:13,TRUE,NA,"1437826028894887941",NA,"<a href=""http://etus.com.br"" rel=""nofollow"">Etus Brasil</a>","BrazilSFE",0,FALSE,FALSE,NA,NA
"71","participo hoje como keynote do FLUSSER101. 7PM, horário de Brasília  - https://t.co/sqmoQcPYhd #flusser… https://t.co/pB7rqibAKP",FALSE,0,NA,2021-09-14 16:45:43,TRUE,NA,"1437819864249479175",NA,"<a href=""https://mobile.twitter.com"" rel=""nofollow"">Twitter Web App</a>","simstim_",0,FALSE,FALSE,NA,NA
"72","Saiba mais: https://t.co/eTG7H60hVK
<U+2800>
#seguranca #casa #empresa #inteligenciaartificial #segurança #condomínio… https://t.co/dmUupN6zc2",FALSE,0,NA,2021-09-14 14:50:13,TRUE,NA,"1437790797999611922",NA,"<a href=""https://www.facebook.com/socialmlabs/"" rel=""nofollow"">mLabs - Gestão de Redes Sociais</a>","Mauriciojva",0,FALSE,FALSE,NA,NA
"73","Saiba mais: https://t.co/rNRVGufSeH
<U+2800>
#seguranca #casa #empresa #inteligenciaartificial #segurança #condomínio… https://t.co/Oy4TOH90fa",FALSE,0,NA,2021-09-14 14:50:12,TRUE,NA,"1437790794648281103",NA,"<a href=""https://www.facebook.com/socialmlabs/"" rel=""nofollow"">mLabs - Gestão de Redes Sociais</a>","brasil_jva",0,FALSE,FALSE,NA,NA
"74","Com o DMSS 4C*  Amos® você especifica, estima e apresenta o seu modelo através de um diagrama intuitivo para mostra… https://t.co/UMJ5qvudCt",FALSE,1,NA,2021-09-14 14:00:01,TRUE,NA,"1437778165087285253",NA,"<a href=""https://about.twitter.com/products/tweetdeck"" rel=""nofollow"">TweetDeck</a>","DMSS_Software",0,FALSE,FALSE,NA,NA
"75","Quais são as tecnologias por trás da IA, e como implementar inteligência artificial no software? Saiba mais.… https://t.co/Vg8PjpicGf",FALSE,0,NA,2021-09-14 13:04:19,TRUE,NA,"1437764148037890051",NA,"<a href=""http://twitter.com/download/android"" rel=""nofollow"">Twitter for Android</a>","lecathy7",0,FALSE,FALSE,NA,NA
"76","https://t.co/ziF4UtLSOY
Avanços na Prestação de Cuidados de Saúde via Inteligência Artificial
<U+2714> Brazil SFE®… https://t.co/NEcbpg8jKC",FALSE,0,NA,2021-09-14 13:03:11,TRUE,NA,"1437763860988108802",NA,"<a href=""http://etus.com.br"" rel=""nofollow"">Etus Brasil</a>","BrazilSFE",0,FALSE,FALSE,NA,NA
"77","O @algolatrIA está preparando uma série de encontros incríveis para debater Constitucionalismo e Democracia na Era… https://t.co/lp9B6ZNG0b",FALSE,0,NA,2021-09-14 11:38:32,TRUE,NA,"1437742559078584321",NA,"<a href=""https://mobile.twitter.com"" rel=""nofollow"">Twitter Web App</a>","algolatrIA",0,FALSE,FALSE,NA,NA
"78","https://t.co/ziF4UtLSOY
Avanços na Prestação de Cuidados de Saúde via Inteligência Artificial
<U+2714> Brazil SFE®… https://t.co/dbSQ4VuZ9l",FALSE,0,NA,2021-09-14 03:10:06,TRUE,NA,"1437614608257273863",NA,"<a href=""http://etus.com.br"" rel=""nofollow"">Etus Brasil</a>","BrazilSFE",0,FALSE,FALSE,NA,NA
"79","Quem adora um seminário? <U+0001F64B><U+0001F3FB><U+200D><U+2640><U+FE0F>
Parabéns ao Instituto Ítalo-Ibero-Brasileiro de Estudos Jurídicos e ao @STJnoticias… https://t.co/pSm577uovg",FALSE,0,NA,2021-09-13 23:33:33,TRUE,NA,"1437560109358534656",NA,"<a href=""http://twitter.com/download/iphone"" rel=""nofollow"">Twitter for iPhone</a>","ViviRamone",0,FALSE,FALSE,NA,NA
"80","https://t.co/ziF4UtLSOY
Avanços na Prestação de Cuidados de Saúde via Inteligência Artificial
<U+2714> Brazil SFE®… https://t.co/NVvqVEVs5x",FALSE,0,NA,2021-09-13 23:10:07,TRUE,NA,"1437554212230111237",NA,"<a href=""http://etus.com.br"" rel=""nofollow"">Etus Brasil</a>","BrazilSFE",0,FALSE,FALSE,NA,NA
"81","""Não importa mais o que as pessoas dizem, importa o que os DADOS mostram que funciona melhor.""

Danilo Coelho fala… https://t.co/L6JSlEOBOf",FALSE,3,NA,2021-09-13 21:20:23,TRUE,NA,"1437526599705014274",NA,"<a href=""https://www.facebook.com/socialmlabs/"" rel=""nofollow"">mLabs - Gestão de Redes Sociais</a>","Hupdata",0,FALSE,FALSE,NA,NA
"82","Faça sua inscrição gratuita acessando o link a seguir - https://t.co/1YbEtCyEuv 
 
#IEL #IELGO #IELGoias… https://t.co/ZWe1eR16Tn",FALSE,0,NA,2021-09-13 20:50:08,TRUE,NA,"1437518984157478915",NA,"<a href=""https://www.facebook.com/socialmlabs/"" rel=""nofollow"">mLabs - Gestão de Redes Sociais</a>","ielgooficial",0,FALSE,FALSE,NA,NA
"83","Webinar #InteligênciaArtificial e Responsabilidade Civil https://t.co/z5FsgCwGvn",FALSE,0,NA,2021-09-13 20:36:20,FALSE,NA,"1437515512360144897",NA,"<a href=""http://twitter.com/download/iphone"" rel=""nofollow"">Twitter for iPhone</a>","OIC_inovacao",0,FALSE,FALSE,NA,NA
"84","Embora a Humanidade já tenha desenvolvido consideravelmente a #InteligenciaArtificial , estamos bem distantes da… https://t.co/E2Cm3GDj2t",FALSE,1,NA,2021-09-13 20:16:13,TRUE,NA,"1437510451445866509",NA,"<a href=""https://mobile.twitter.com"" rel=""nofollow"">Twitter Web App</a>","EmpiricusBooks",0,FALSE,FALSE,NA,NA
"85","Inteligência artificial contribui com os desafios da citricultura brasileira https://t.co/aqJ4T4EN3Z #mtitecnologia… https://t.co/scP6SU5wl9",FALSE,0,NA,2021-09-13 20:00:08,TRUE,NA,"1437506400507281412",NA,"<a href=""https://twittimer.com"" rel=""nofollow"">Twittimer</a>","MTITECNOLOGIARS",0,FALSE,FALSE,NA,NA
"86","Você sabia que o Cientista de Dados é um dos profissionais mais requisitados atualmente? Venha conhecer Tuany Castr… https://t.co/FIxFGdXCd7",FALSE,1,NA,2021-09-13 19:50:03,TRUE,NA,"1437503863658094594",NA,"<a href=""https://www.oktopost.com"" rel=""nofollow"">Oktopost</a>","Capco",0,FALSE,FALSE,NA,NA
"87","https://t.co/ziF4UtLSOY
Avanços na Prestação de Cuidados de Saúde via Inteligência Artificial
<U+2714> Brazil SFE®… https://t.co/k0aIAiIG9z",FALSE,0,NA,2021-09-13 19:10:11,TRUE,NA,"1437493830366945284",NA,"<a href=""http://etus.com.br"" rel=""nofollow"">Etus Brasil</a>","BrazilSFE",0,FALSE,FALSE,NA,NA
"88","https://t.co/cshKe4Uw5Y DÊLIKE
A Descoberta de Novos Medicamentos e Terapêuticas - Acelerados pela #AI e a… https://t.co/98he4aCCIS",FALSE,0,NA,2021-09-13 18:15:14,TRUE,NA,"1437480002937884676",NA,"<a href=""http://etus.com.br"" rel=""nofollow"">Etus Brasil</a>","BrazilSFE",0,FALSE,FALSE,NA,NA
"89","Você sabe por que sua empresa precisa de uma solução para inteligência de dados? 

#Tecnologia #dados #InteligenciaArtificial",FALSE,1,NA,2021-09-13 18:12:03,FALSE,NA,"1437479203075657730",NA,"<a href=""https://mobile.twitter.com"" rel=""nofollow"">Twitter Web App</a>","GeoSalesOficial",0,FALSE,FALSE,NA,NA
"90","RT @BrasilOncologia: #PR2020 Na segunda aula sobre tecnologia em benefício do paciente, Dr. Pedro Galante, cientista molecular e pesquisado…",FALSE,0,NA,2021-09-13 17:26:40,FALSE,NA,"1437467781818195972",NA,"<a href=""http://twitter.com/download/android"" rel=""nofollow"">Twitter for Android</a>","CorreaSantosRA",1,TRUE,FALSE,NA,NA
"91","https://t.co/ziF4UtLSOY
Avanços na Prestação de Cuidados de Saúde via Inteligência Artificial
<U+2714> Brazil SFE®… https://t.co/h5KVmuDq3b",FALSE,0,NA,2021-09-13 17:10:09,TRUE,NA,"1437463623450890245",NA,"<a href=""http://etus.com.br"" rel=""nofollow"">Etus Brasil</a>","BrazilSFE",0,FALSE,FALSE,NA,NA
"92","Faça sua inscrição gratuita acessando o link a seguir - https://t.co/1YbEtCyEuv

#IEL #IELGO #IELGoias… https://t.co/dOGvz6vHAy",FALSE,0,NA,2021-09-13 17:10:02,TRUE,NA,"1437463594082480128",NA,"<a href=""https://www.facebook.com/socialmlabs/"" rel=""nofollow"">mLabs - Gestão de Redes Sociais</a>","ielgooficial",0,FALSE,FALSE,NA,NA
"93","Quem avisa amigo é? <U+0001F914>

Então, se liga nessas 3 dicas para aumentar o número de clientes fiéis da sua empresa<U+0001F4C8><U+2705>… https://t.co/g7moADHuUJ",FALSE,0,NA,2021-09-13 15:00:21,TRUE,NA,"1437430960556068869",NA,"<a href=""https://www.facebook.com/socialmlabs/"" rel=""nofollow"">mLabs - Gestão de Redes Sociais</a>","inbotbr",0,FALSE,FALSE,NA,NA
"94","RT @cdemetrio_: https://t.co/4lpVvFhqkf - Vale a pena o investimento em #InteligenciaArtificial para o #autoatendimento? https://t.co/WAJYJ…",FALSE,0,NA,2021-09-13 14:16:09,FALSE,NA,"1437419835361796100",NA,"<a href=""http://tecnofagia.com"" rel=""nofollow"">botweetecnofagia</a>","tecnofagia",1,TRUE,FALSE,NA,NA
"95","Para saber mais acesse a matéria na íntegra:
[https://t.co/YnoKjDS9Q9].

#Getinfo #Tecnologia #ÓculosInteligentes… https://t.co/RcqEdle5ys",FALSE,1,NA,2021-09-13 14:06:16,TRUE,NA,"1437417347803926529",NA,"<a href=""http://etus.com.br"" rel=""nofollow"">Etus Brasil</a>","getinfosolucoes",0,FALSE,FALSE,NA,NA
"96","https://t.co/4lpVvFhqkf - Vale a pena o investimento em #InteligenciaArtificial para o #autoatendimento? https://t.co/WAJYJVWPJC",FALSE,0,NA,2021-09-13 13:37:04,FALSE,NA,"1437409999949545478",NA,"<a href=""https://buffer.com"" rel=""nofollow"">Buffer</a>","cdemetrio_",1,FALSE,FALSE,NA,NA
"97","Qual o significado da vida num mundo sem trabalho? A medida que a tecnologia torna os empregos obsoletos, o que as… https://t.co/LgRo1scLYn",FALSE,0,NA,2021-09-13 13:06:26,TRUE,NA,"1437402291548692487",NA,"<a href=""http://www.linkedin.com/"" rel=""nofollow"">LinkedIn</a>","fojool",0,FALSE,FALSE,NA,NA
"98","Qual o significado da vida num mundo sem trabalho? A medida que a tecnologia torna os empregos obsoletos, o que as… https://t.co/HUoUJRWcr6",FALSE,1,NA,2021-09-13 13:04:23,TRUE,NA,"1437401776244858881",NA,"<a href=""http://www.linkedin.com/"" rel=""nofollow"">LinkedIn</a>","fojool",0,FALSE,FALSE,NA,NA
"99","https://t.co/ziF4UtLSOY
Avanços na Prestação de Cuidados de Saúde via Inteligência Artificial
<U+2714> Brazil SFE®… https://t.co/9PRTiGfWqV",FALSE,0,NA,2021-09-13 13:04:09,TRUE,NA,"1437401715276460038",NA,"<a href=""http://etus.com.br"" rel=""nofollow"">Etus Brasil</a>","BrazilSFE",0,FALSE,FALSE,NA,NA
"100","No Brasil, a #IA atua em parceria com especialistas para otimizar a escolha dos ativos com base no perfil de cada c… https://t.co/O7YHvI9Xef",FALSE,4,NA,2021-09-13 12:49:33,TRUE,NA,"1437398042555133957",NA,"<a href=""https://mobile.twitter.com"" rel=""nofollow"">Twitter Web App</a>","FastTrade_cedro",0,FALSE,FALSE,NA,NA
"101","Próximos #CURSOSUNED 

20-09-2021 – #Criminología e #InteligenciaArtificial

https://t.co/XK9HMZbzO1

#SomosUNED… https://t.co/X2uKwALmuJ",FALSE,1,NA,2021-09-13 11:12:54,TRUE,NA,"1437373720851619843",NA,"<a href=""https://mobile.twitter.com"" rel=""nofollow"">Twitter Web App</a>","INTECCAUNED",0,FALSE,FALSE,NA,NA
"102","Não perca a oportunidade de estar junto com os melhores falando sobre Indústria 4.0. 

Faça sua inscrição gratuita… https://t.co/JL18yYMBW7",FALSE,0,NA,2021-09-13 11:00:20,TRUE,NA,"1437370556899287046",NA,"<a href=""https://www.facebook.com/socialmlabs/"" rel=""nofollow"">mLabs - Gestão de Redes Sociais</a>","ielgooficial",0,FALSE,FALSE,NA,NA
"103","https://t.co/ziF4UtLSOY
Avanços na Prestação de Cuidados de Saúde via Inteligência Artificial
<U+2714> Brazil SFE®… https://t.co/PzC5RBhJSR",FALSE,0,NA,2021-09-13 03:10:06,TRUE,NA,"1437252220202979328",NA,"<a href=""http://etus.com.br"" rel=""nofollow"">Etus Brasil</a>","BrazilSFE",0,FALSE,FALSE,NA,NA
"104","Vamos conversar sobre #processoeletronico #InteligenciaArtificial  e #democratizacaodaJustica com quem sabe muito d… https://t.co/AwmkIljGFn",FALSE,1,NA,2021-09-12 23:38:30,TRUE,NA,"1437198967373185028",NA,"<a href=""http://twitter.com/download/iphone"" rel=""nofollow"">Twitter for iPhone</a>","ViviRamone",0,FALSE,FALSE,NA,NA
"105","https://t.co/cshKe4Uw5Y DÊLIKE
A Descoberta de Novos Medicamentos e Terapêuticas - Acelerados pela #AI e a… https://t.co/x0qfyKAsfx",FALSE,0,NA,2021-09-12 18:15:10,TRUE,NA,"1437117600325148672",NA,"<a href=""http://etus.com.br"" rel=""nofollow"">Etus Brasil</a>","BrazilSFE",0,FALSE,FALSE,NA,NA
"106","No Brasil, a adoção da inteligência artificial pelas empresas supera a média de toda a América Latina, segundo pesq… https://t.co/I5peYgr26l",FALSE,0,NA,2021-09-12 15:22:54,TRUE,NA,"1437074245654298636",NA,"<a href=""https://mobile.twitter.com"" rel=""nofollow"">Twitter Web App</a>","AleBerbe",0,FALSE,FALSE,NA,NA
"107","Mais uma dica de hoje são os cursos on-line para se aperfeiçoar na área de atendimento ao cliente.

Quer saber mais… https://t.co/aSTOo3QyY1",FALSE,0,NA,2021-09-12 13:11:33,TRUE,NA,"1437041188947759109",NA,"<a href=""http://etus.com.br"" rel=""nofollow"">Etus Brasil</a>","jornada_cliente",0,FALSE,FALSE,NA,NA
"108","#InteligenciaArtificial <U+0001F440><U+0001F4F2> Um processo na Justiça alega que as tecnologias ligam mesmo quando não são ativadas e us… https://t.co/0lQ9pL1V4Y",FALSE,0,NA,2021-09-12 12:00:39,TRUE,NA,"1437023346797985794",NA,"<a href=""https://mobile.twitter.com"" rel=""nofollow"">Twitter Web App</a>","tribunajundiai",0,FALSE,FALSE,NA,NA
"109","RT @favecoinglobal: Concorda? <U+0001F525><U+2705>

#criptomoedas #cripto #evolução #tecnologia #inteligênciaartificial #criptomoedasnovas #futurodomercadofi…",FALSE,0,NA,2021-09-12 05:03:14,FALSE,NA,"1436918301393891328",NA,"<a href=""http://twitter.com/download/android"" rel=""nofollow"">Twitter for Android</a>","holdlman",4,TRUE,FALSE,NA,NA
"110","BOLETIM DAS ARTES LITERÁRIAS #14 by PetersonNews <U+25BA>#AntonioCândido #MiaCouto #RolandBarthes #FrantzFanon #Xenofonte… https://t.co/mBbFOYc7nB",FALSE,0,NA,2021-09-12 04:10:40,TRUE,NA,"1436905073515417603",NA,"<a href=""https://mobile.twitter.com"" rel=""nofollow"">Twitter Web App</a>","petersonruiz",0,FALSE,FALSE,NA,NA
"111","E o Jack virou #NFT aos olhos da #inteligênciaartificial da @singularity_net

Ao investir em um ativo, foque nos se… https://t.co/NPPfP6Axho",FALSE,3,NA,2021-09-12 02:38:06,TRUE,NA,"1436881779122753538",NA,"<a href=""http://twitter.com/download/android"" rel=""nofollow"">Twitter for Android</a>","luizmarjr",0,FALSE,FALSE,NA,NA
"112","https://t.co/cshKe4Uw5Y DÊLIKE
A Descoberta de Novos Medicamentos e Terapêuticas - Acelerados pela #AI e a… https://t.co/4xb9xQ6aMq",FALSE,0,NA,2021-09-11 18:15:10,TRUE,NA,"1436755211935232002",NA,"<a href=""http://etus.com.br"" rel=""nofollow"">Etus Brasil</a>","BrazilSFE",0,FALSE,FALSE,NA,NA
"113","Inteligência Artificial: O presente e o futuro no relacionamento com clientes
https://t.co/VsHPs4tKzi
#cimm… https://t.co/yGeqnN3cVB",FALSE,0,NA,2021-09-11 17:00:24,TRUE,NA,"1436736396367179781",NA,"<a href=""https://buffer.com"" rel=""nofollow"">Buffer</a>","portalcimm",0,FALSE,FALSE,NA,NA
"114","RT @favecoinglobal: Concorda? <U+0001F525><U+2705>

#criptomoedas #cripto #evolução #tecnologia #inteligênciaartificial #criptomoedasnovas #futurodomercadofi…",FALSE,0,NA,2021-09-11 03:08:24,FALSE,NA,"1436527014358528005",NA,"<a href=""http://twitter.com/download/android"" rel=""nofollow"">Twitter for Android</a>","SilvaWelling",4,TRUE,FALSE,NA,NA
"115","RT @favecoinglobal: Concorda? <U+0001F525><U+2705>

#criptomoedas #cripto #evolução #tecnologia #inteligênciaartificial #criptomoedasnovas #futurodomercadofi…",FALSE,0,NA,2021-09-11 01:04:23,FALSE,NA,"1436495805658107983",NA,"<a href=""http://twitter.com/download/iphone"" rel=""nofollow"">Twitter for iPhone</a>","RafaelSantaRo12",4,TRUE,FALSE,NA,NA
"116","https://t.co/ziF4UtLSOY
Avanços na Prestação de Cuidados de Saúde via Inteligência Artificial
<U+2714> Brazil SFE®… https://t.co/TckMiClA9d",FALSE,0,NA,2021-09-10 23:10:06,TRUE,NA,"1436467045714075671",NA,"<a href=""http://etus.com.br"" rel=""nofollow"">Etus Brasil</a>","BrazilSFE",0,FALSE,FALSE,NA,NA
"117","Inteligência Artificial: o presente e o futuro no relacionamento com clientes https://t.co/Y5h105YeRr… https://t.co/SyyfxyIlnA",FALSE,0,NA,2021-09-10 23:00:09,TRUE,NA,"1436464542138212393",NA,"<a href=""https://twittimer.com"" rel=""nofollow"">Twittimer</a>","MTITECNOLOGIARS",0,FALSE,FALSE,NA,NA
"118","RT @iaexpertacademy: Técnicas de machine learning permitiram investigar a presença de fragmentos de DNA liberados na corrente sanguínea por…",FALSE,0,NA,2021-09-10 21:21:44,FALSE,NA,"1436439772935897088",NA,"<a href=""https://help.twitter.com/en/using-twitter/how-to-tweet#source-labels"" rel=""nofollow"">DevBR (Bot)</a>","APDABot",1,TRUE,FALSE,NA,NA
"119","Técnicas de machine learning permitiram investigar a presença de fragmentos de DNA liberados na corrente sanguínea… https://t.co/PFxzrKqS1j",FALSE,3,NA,2021-09-10 21:00:22,TRUE,NA,"1436434394802229249",NA,"<a href=""https://www.facebook.com/socialmlabs/"" rel=""nofollow"">mLabs - Gestão de Redes Sociais</a>","iaexpertacademy",1,FALSE,FALSE,NA,NA
"120","RT @abdi_digital: O ""FronteiraTech"" em Pacaraima (RR), uma parceria entre a ABDI, a @policiafederal e @govroraima, usa tecnologias como a #…",FALSE,0,NA,2021-09-10 20:01:38,FALSE,NA,"1436419614523760640",NA,"<a href=""https://mobile.twitter.com"" rel=""nofollow"">Twitter Web App</a>","GrillNandus",1,TRUE,FALSE,NA,NA
"121","O ""FronteiraTech"" em Pacaraima (RR), uma parceria entre a ABDI, a @policiafederal e @govroraima, usa tecnologias co… https://t.co/eseh95d7g7",FALSE,3,NA,2021-09-10 19:59:04,TRUE,NA,"1436418971243323402",NA,"<a href=""https://mobile.twitter.com"" rel=""nofollow"">Twitter Web App</a>","abdi_digital",1,FALSE,FALSE,NA,NA
"122","Inteligência artificial jogando Super Mario World.
https://t.co/mWq4CZBk5r
#inteligenciaartificial #jogos #programacao #ai #ia",FALSE,1,NA,2021-09-10 19:51:48,FALSE,NA,"1436417140874260480",NA,"<a href=""https://mobile.twitter.com"" rel=""nofollow"">Twitter Web App</a>","OficialChipTec",0,FALSE,FALSE,NA,NA
"123","Veja o vídeo na integra em: https://t.co/xXZKa4g502

#diagnosticoCOVID19 #pandemia #visibiliabr #startup #covid19… https://t.co/rUrkMNQkaV",FALSE,0,"visibiliabr",2021-09-10 19:32:43,TRUE,"1436412335481032713","1436412337636925441","1142285842297368576","<a href=""https://mobile.twitter.com"" rel=""nofollow"">Twitter Web App</a>","visibiliabr",0,FALSE,FALSE,NA,NA
"124","https://t.co/ziF4UtLSOY
Avanços na Prestação de Cuidados de Saúde via Inteligência Artificial
<U+2714> Brazil SFE®… https://t.co/BAmsK0o95d",FALSE,0,NA,2021-09-10 19:10:10,TRUE,NA,"1436406664127778818",NA,"<a href=""http://etus.com.br"" rel=""nofollow"">Etus Brasil</a>","BrazilSFE",0,FALSE,FALSE,NA,NA
"125","Inteligência Artificial mostra superioridade em cibersegurança 

#Cibersegurança #InteligenciaArtificial… https://t.co/H9oyocbYFe",FALSE,0,NA,2021-09-10 18:55:54,TRUE,NA,"1436403072620695552",NA,"<a href=""https://mobile.twitter.com"" rel=""nofollow"">Twitter Web App</a>","portalcryptoid",0,FALSE,FALSE,NA,NA
"126","https://t.co/cshKe4Uw5Y DÊLIKE
A Descoberta de Novos Medicamentos e Terapêuticas - Acelerados pela #AI e a… https://t.co/M68ij12usm",FALSE,0,NA,2021-09-10 18:15:11,TRUE,NA,"1436392827987038235",NA,"<a href=""http://etus.com.br"" rel=""nofollow"">Etus Brasil</a>","BrazilSFE",0,FALSE,FALSE,NA,NA
"127","RT @favecoinglobal: Concorda? <U+0001F525><U+2705>

#criptomoedas #cripto #evolução #tecnologia #inteligênciaartificial #criptomoedasnovas #futurodomercadofi…",FALSE,0,NA,2021-09-10 18:10:59,FALSE,NA,"1436391771404111876",NA,"<a href=""http://twitter.com/download/android"" rel=""nofollow"">Twitter for Android</a>","pingo_jr",4,TRUE,FALSE,NA,NA
"128","Concorda? <U+0001F525><U+2705>

#criptomoedas #cripto #evolução #tecnologia #inteligênciaartificial #criptomoedasnovas… https://t.co/ujuMH3stV2",FALSE,22,NA,2021-09-10 18:00:19,TRUE,NA,"1436389085430550533",NA,"<a href=""https://www.facebook.com/socialmlabs/"" rel=""nofollow"">mLabs - Gestão de Redes Sociais</a>","favecoinglobal",4,FALSE,FALSE,NA,NA
"129","https://t.co/ziF4UtLSOY
Avanços na Prestação de Cuidados de Saúde via Inteligência Artificial
<U+2714> Brazil SFE®… https://t.co/xTo5nOa8Hw",FALSE,0,NA,2021-09-10 17:10:10,TRUE,NA,"1436376463251591202",NA,"<a href=""http://etus.com.br"" rel=""nofollow"">Etus Brasil</a>","BrazilSFE",0,FALSE,FALSE,NA,NA
"130","RT @ABES_SOFTWARE: IA² @MCTIC apresenta as 15 empresas âncora selecionadas para o programa

https://t.co/Z17AHTgO6I

#inteligenciaartificia…",FALSE,0,NA,2021-09-10 15:15:12,FALSE,NA,"1436347530992832513",NA,"<a href=""https://curiousluke.com"" rel=""nofollow"">RTML</a>","TheCuriousLuke",1,TRUE,FALSE,NA,NA
"131","IA² @MCTIC apresenta as 15 empresas âncora selecionadas para o programa

https://t.co/Z17AHTgO6I… https://t.co/yjppMPBSqu",FALSE,0,NA,2021-09-10 15:15:06,TRUE,NA,"1436347509228593164",NA,"<a href=""https://www.facebook.com/socialmlabs/"" rel=""nofollow"">mLabs - Gestão de Redes Sociais</a>","ABES_SOFTWARE",1,FALSE,FALSE,NA,NA
"132","Um post que era pra ser em comemoração aos 1000 seguidores alçados, vai ser em agradecimento ao nosso número atual,… https://t.co/lRxQaXgYZu",FALSE,1,NA,2021-09-10 14:00:22,TRUE,NA,"1436328700342149120",NA,"<a href=""https://www.facebook.com/socialmlabs/"" rel=""nofollow"">mLabs - Gestão de Redes Sociais</a>","hubkn_ai",0,FALSE,FALSE,NA,NA
"133","https://t.co/ziF4UtLSOY
Avanços na Prestação de Cuidados de Saúde via Inteligência Artificial
<U+2714> Brazil SFE®… https://t.co/35Rc7Awkjr",FALSE,0,NA,2021-09-10 13:02:11,TRUE,NA,"1436314058312101896",NA,"<a href=""http://etus.com.br"" rel=""nofollow"">Etus Brasil</a>","BrazilSFE",0,FALSE,FALSE,NA,NA
"134","RT @sandromesquita_: <U+0001F1E7><U+0001F1F7>Uma Inteligência Artificial é racista ou simplesmente mal treinada?

<U+0001F1FA><U+0001F1F8>Is an Artificial Intelligence racist or simpl…",FALSE,0,NA,2021-09-10 09:12:38,FALSE,NA,"1436256290473488407",NA,"<a href=""http://twitter.com/download/android"" rel=""nofollow"">Twitter for Android</a>","SmartID_moto",1,TRUE,FALSE,NA,NA
"135","https://t.co/ziF4UtLSOY
Avanços na Prestação de Cuidados de Saúde via Inteligência Artificial
<U+2714> Brazil SFE®… https://t.co/CB86hRt3XL",FALSE,0,NA,2021-09-10 03:10:08,TRUE,NA,"1436165061719035915",NA,"<a href=""http://etus.com.br"" rel=""nofollow"">Etus Brasil</a>","BrazilSFE",0,FALSE,FALSE,NA,NA
"136","A partitura final só foi gerada e impressa horas antes da apresentação, depois que o designer do programa de comput… https://t.co/LfH0qHAYDS",FALSE,1,NA,2021-09-09 22:12:03,TRUE,NA,"1436090046596145157",NA,"<a href=""https://mobile.twitter.com"" rel=""nofollow"">Twitter Web App</a>","o_verdoso",0,FALSE,FALSE,NA,NA
"137","Para fazer sua inscrição gratuita acesse o link - https://t.co/1YbEtCyEuv  

#IEL #IELGO #IELGoias… https://t.co/jkGhQ2dsIm",FALSE,1,NA,2021-09-09 21:50:16,TRUE,NA,"1436084565664280576",NA,"<a href=""https://www.facebook.com/socialmlabs/"" rel=""nofollow"">mLabs - Gestão de Redes Sociais</a>","ielgooficial",0,FALSE,FALSE,NA,NA
"138","Foi desenvolvido um dispositivo acessório capaz de aplicar inteligência artificial ao processamento de sons dos apa… https://t.co/sv8KqSjPxv",FALSE,1,NA,2021-09-09 21:00:24,TRUE,NA,"1436072016881274880",NA,"<a href=""https://www.facebook.com/socialmlabs/"" rel=""nofollow"">mLabs - Gestão de Redes Sociais</a>","iaexpertacademy",0,FALSE,FALSE,NA,NA
"139","Sobre o Tesla Bot, o mais recém projeto anunciado pelo Elon Musk, que se trata de um Robô Humanoide feito para inic… https://t.co/6graOzocOi",FALSE,1,NA,2021-09-09 20:08:22,TRUE,NA,"1436058924680192011",NA,"<a href=""https://mobile.twitter.com"" rel=""nofollow"">Twitter Web App</a>","chapeuzinhz",0,FALSE,FALSE,NA,NA
"140","RT @c4ai_hseminars: Junte-se a nós: ""A Robótica Está Chegando na Escola, no Hospital... na nossa Casa! Estamos Preparados?"". Não é necessár…",FALSE,0,NA,2021-09-09 18:36:56,FALSE,NA,"1436035911322685441",NA,"<a href=""http://twitter.com/download/android"" rel=""nofollow"">Twitter for Android</a>","diasanaanadias",7,TRUE,FALSE,NA,NA
"141","#CyberBRICS Notícias Rússia:

As ambições do Sber com #inteligênciaartificial são maiores do que bancos

https://t.co/W9sPxIDYtP",FALSE,0,"oCyberBRICS",2021-09-09 18:30:28,FALSE,"1436033942977667073","1436034286570905604","1395790916808495108","<a href=""https://mobile.twitter.com"" rel=""nofollow"">Twitter Web App</a>","oCyberBRICS",0,FALSE,FALSE,NA,NA
"142","RT @lapinbr: Você sabe a relação entre a inteligência artificial e as relações humanas?

Veja sobre no artigo escrito pela pesquisadora do…",FALSE,0,NA,2021-09-09 18:19:32,FALSE,NA,"1436031535161954310",NA,"<a href=""http://twitter.com/download/iphone"" rel=""nofollow"">Twitter for iPhone</a>","fabioperiandro",1,TRUE,FALSE,NA,NA
"143","https://t.co/cshKe4Uw5Y DÊLIKE
A Descoberta de Novos Medicamentos e Terapêuticas - Acelerados pela #AI e a… https://t.co/UMG7FDqJAo",FALSE,0,NA,2021-09-09 18:15:12,TRUE,NA,"1436030445397872641",NA,"<a href=""http://etus.com.br"" rel=""nofollow"">Etus Brasil</a>","BrazilSFE",0,FALSE,FALSE,NA,NA
"144","Você sabe a relação entre a inteligência artificial e as relações humanas?

Veja sobre no artigo escrito pela pesqu… https://t.co/LdjAcMsZTe",FALSE,1,NA,2021-09-09 18:13:05,TRUE,NA,"1436029909009408000",NA,"<a href=""http://etus.com.br"" rel=""nofollow"">Etus Brasil</a>","lapinbr",1,FALSE,FALSE,NA,NA
"145","RT @ABES_SOFTWARE: IA² @MCTIC apresenta as 15 empresas âncora selecionadas para o programa

https://t.co/Z17AHTgO6I

#inteligenciaartificia…",FALSE,0,NA,2021-09-09 17:47:26,FALSE,NA,"1436023456273993736",NA,"<a href=""https://help.twitter.com/en/using-twitter/how-to-tweet#source-labels"" rel=""nofollow"">Twitchi-Twitter-Bot</a>","CodeWithTwitchi",1,TRUE,FALSE,NA,NA
"146","IA² @MCTIC apresenta as 15 empresas âncora selecionadas para o programa

https://t.co/Z17AHTgO6I… https://t.co/VQdZixvivE",FALSE,1,NA,2021-09-09 17:45:07,TRUE,NA,"1436022871625801735",NA,"<a href=""https://www.facebook.com/socialmlabs/"" rel=""nofollow"">mLabs - Gestão de Redes Sociais</a>","ABES_SOFTWARE",1,FALSE,FALSE,NA,NA
"147","++TN: Com inteligência artificial para o mundo da beleza, Beyoung planeja seu IPO em 5 anos -… https://t.co/KtTqmzU5Pn",FALSE,0,NA,2021-09-09 16:33:50,TRUE,NA,"1436004933862453251",NA,"<a href=""https://www.fs-poster.com"" rel=""nofollow"">FS Poster</a>","Fonte_TradeNews",0,FALSE,FALSE,NA,NA
"148","Faça sua inscrição gratuita acessando o link-https://t.co/1YbEtCyEuv

#IEL #IELGO #IELGoias… https://t.co/coRJSjm2dZ",FALSE,0,NA,2021-09-09 15:26:37,TRUE,NA,"1435988017068625924",NA,"<a href=""https://www.facebook.com/socialmlabs/"" rel=""nofollow"">mLabs - Gestão de Redes Sociais</a>","ielgooficial",0,FALSE,FALSE,NA,NA
"149","<U+0001F4A1> Começou agora, o webinar sobre inovação e cultura de dados, com transmissão ao vivo pelo #YouTube da #ESMP. 

<U+0001F5A5><U+FE0F> … https://t.co/ehIg5Oyp5A",FALSE,0,NA,2021-09-09 12:38:11,TRUE,NA,"1435945630984245256",NA,"<a href=""http://twitter.com/download/android"" rel=""nofollow"">Twitter for Android</a>","esmpsp",0,FALSE,FALSE,NA,NA
"150","Com visão computacional e #InteligenciaArtificial, biometria acelera manuseio, poupando não só dinheiro às empresas… https://t.co/TjPCDurNWg",FALSE,1,NA,2021-09-09 12:00:23,TRUE,NA,"1435936118252449805",NA,"<a href=""https://www.facebook.com/socialmlabs/"" rel=""nofollow"">mLabs - Gestão de Redes Sociais</a>","ANEAA_BR",0,FALSE,FALSE,NA,NA
"151","RT @akbarth3great: #artificialintelligence #inteligenciaartificial #chatbots Os robôs vão dominar o mundo? O atual cenário da IA e onde tem…",FALSE,0,NA,2021-09-09 11:11:07,FALSE,NA,"1435923720242008064",NA,"<a href=""https://dlvrit.com/"" rel=""nofollow"">dlvr.it</a>","getMazak",3,TRUE,FALSE,NA,NA
"152","RT @akbarth3great: #artificialintelligence #inteligenciaartificial #chatbots Os robôs vão dominar o mundo? O atual cenário da IA e onde tem…",FALSE,0,NA,2021-09-09 11:10:09,FALSE,NA,"1435923474212524036",NA,"<a href=""https://dlvrit.com/"" rel=""nofollow"">dlvr.it</a>","ZTSecure",3,TRUE,FALSE,NA,NA
"153","RT @akbarth3great: #artificialintelligence #inteligenciaartificial #chatbots Os robôs vão dominar o mundo? O atual cenário da IA e onde tem…",FALSE,0,NA,2021-09-09 11:10:09,FALSE,NA,"1435923473944121344",NA,"<a href=""https://dlvrit.com/"" rel=""nofollow"">dlvr.it</a>","agent_guzman",3,TRUE,FALSE,NA,NA
"154","#artificialintelligence #inteligenciaartificial #chatbots Os robôs vão dominar o mundo? O atual cenário da IA e ond… https://t.co/06qGhwxp9Y",FALSE,0,NA,2021-09-09 11:09:06,TRUE,NA,"1435923212609601536",NA,"<a href=""https://dlvrit.com/"" rel=""nofollow"">dlvr.it</a>","akbarth3great",3,FALSE,FALSE,NA,NA
"155","No futuro a inteligência artificial avançada estará a disposição de todos.

No futuro: Ok Google! Me conte uma piad… https://t.co/Wk7uJJRSEd",FALSE,0,NA,2021-09-09 11:06:24,TRUE,NA,"1435922533832925186",NA,"<a href=""http://twitter.com/download/android"" rel=""nofollow"">Twitter for Android</a>","equica2022",0,FALSE,FALSE,NA,NA
"156","Não perca a oportunidade de estar junto com os melhores falando sobre Indústria 4.0. 

Faça sua inscrição gratuita… https://t.co/B5wrcAQzGb",FALSE,0,NA,2021-09-09 11:00:19,TRUE,NA,"1435921000517017609",NA,"<a href=""https://www.facebook.com/socialmlabs/"" rel=""nofollow"">mLabs - Gestão de Redes Sociais</a>","ielgooficial",0,FALSE,FALSE,NA,NA
"157","https://t.co/If5zKxob7r

Inteligência artificial sugere letras conforme músico toca seu instrumento.

#saúde… https://t.co/BGZJ1jdz03",FALSE,0,NA,2021-09-09 10:07:24,TRUE,NA,"1435907683513774080",NA,"<a href=""https://mobile.twitter.com"" rel=""nofollow"">Twitter Web App</a>","DiarioDaSaude",0,FALSE,FALSE,NA,NA
"158","Inteligência artificial garante segurança em aplicativo de reconhecimento facial https://t.co/Wf6CL3PlJ8… https://t.co/lXJolyI251",FALSE,0,NA,2021-09-09 08:00:08,TRUE,NA,"1435875655313469440",NA,"<a href=""https://twittimer.com"" rel=""nofollow"">Twittimer</a>","MTITECNOLOGIARS",0,FALSE,FALSE,NA,NA
"159","RT @c4ai_hseminars: Junte-se a nós: ""A Robótica Está Chegando na Escola, no Hospital... na nossa Casa! Estamos Preparados?"". Não é necessár…",FALSE,0,NA,2021-09-09 01:43:04,FALSE,NA,"1435780766462582784",NA,"<a href=""http://twitter.com/download/android"" rel=""nofollow"">Twitter for Android</a>","thiago_meireles",7,TRUE,FALSE,NA,NA
"160","RT @c4ai_hseminars: Junte-se a nós: ""A Robótica Está Chegando na Escola, no Hospital... na nossa Casa! Estamos Preparados?"". Não é necessár…",FALSE,0,NA,2021-09-09 00:33:48,FALSE,NA,"1435763331860770825",NA,"<a href=""https://mobile.twitter.com"" rel=""nofollow"">Twitter Web App</a>","PeresSarajane",7,TRUE,FALSE,NA,NA
"161","IA² @MCTIC apresenta as 15 empresas âncora selecionadas para o programa

https://t.co/Z17AHTgO6I… https://t.co/cjK0IFLy5K",FALSE,0,NA,2021-09-08 22:55:01,TRUE,NA,"1435738474934677504",NA,"<a href=""https://www.facebook.com/socialmlabs/"" rel=""nofollow"">mLabs - Gestão de Redes Sociais</a>","ABES_SOFTWARE",0,FALSE,FALSE,NA,NA
"162","RT @BRpaisdigital: IA² MCTI apresenta as 15 empresas âncora selecionadas para o programa

https://t.co/DxAvL47N4g

#inovacaoaberta #intelig…",FALSE,0,NA,2021-09-08 22:11:11,FALSE,NA,"1435727443554353152",NA,"<a href=""https://mobile.twitter.com"" rel=""nofollow"">Twitter Web App</a>","jornalistavitor",1,TRUE,FALSE,NA,NA
"163","RPA da Nice oferece automação mais inteligente e CX hiperpersonalizada com recursos de IA. https://t.co/IB2O4nA2OK… https://t.co/nYHq9Vhkfk",FALSE,0,NA,2021-09-08 22:06:49,TRUE,NA,"1435726344931921925",NA,"<a href=""https://mobile.twitter.com"" rel=""nofollow"">Twitter Web App</a>","calltocall",0,FALSE,FALSE,NA,NA
"164","Para fazer sua inscrição gratuita acesse o link - https://t.co/1YbEtCyEuv  

#IEL #IELGO #IELGoias #Fieg… https://t.co/2VjUR3Qbsa",FALSE,0,NA,2021-09-08 22:00:16,TRUE,NA,"1435724696809574405",NA,"<a href=""https://www.facebook.com/socialmlabs/"" rel=""nofollow"">mLabs - Gestão de Redes Sociais</a>","ielgooficial",0,FALSE,FALSE,NA,NA
"165","Novos vídeos:
<U+0001F539>Conteúdo do curso ""Lógica de Programação: O Guia Completo"";
<U+0001F539>Introdução à Lógica de Programação.

Sa… https://t.co/MOpJXC7bgH",FALSE,3,NA,2021-09-08 21:00:21,TRUE,NA,"1435709615145209859",NA,"<a href=""https://www.facebook.com/socialmlabs/"" rel=""nofollow"">mLabs - Gestão de Redes Sociais</a>","iaexpertacademy",0,FALSE,FALSE,NA,NA
"166","Os principais benefícios e economias com gastos nas empresas:

https://t.co/qSRc4xpvpt

#tecnologia #gestaodeti… https://t.co/eHaLLQUNul",FALSE,1,NA,2021-09-08 20:57:37,TRUE,NA,"1435708927791013899",NA,"<a href=""https://mobile.twitter.com"" rel=""nofollow"">Twitter Web App</a>","ativutecnologia",0,FALSE,FALSE,NA,NA
"167","https://t.co/p5TRTa3PgR COMPARTILHE
2º - 5 DAS 21 #EmpresasBiotecnologia Europeias
<U+2714> Brazil SFE Company®… https://t.co/d1z3hCmJ0C",FALSE,0,NA,2021-09-08 20:34:22,TRUE,NA,"1435703076111912960",NA,"<a href=""http://etus.com.br"" rel=""nofollow"">Etus Brasil</a>","BrazilSFE",0,FALSE,FALSE,NA,NA
"168","RT @MicrosoftBr: Ao adotar soluções inteligentes para as organizações, como a #InteligênciaArtificial, você traz diferentes oportunidades d…",FALSE,0,NA,2021-09-08 20:22:51,FALSE,NA,"1435700178321825792",NA,"<a href=""http://twitter.com/download/android"" rel=""nofollow"">Twitter for Android</a>","JuniorGalvaoMVP",3,TRUE,FALSE,NA,NA
"169","Quer conferir como iniciar uma conversa com o LEAD? Acesse nossas redes sociais e fique por dentro! @ativa.ai <U+0001F916><U+0001F680>… https://t.co/52YTLRQKsk",FALSE,0,NA,2021-09-08 19:01:14,TRUE,NA,"1435679638718763009",NA,"<a href=""http://etus.com.br"" rel=""nofollow"">Etus Brasil</a>","ativa_ai",0,FALSE,FALSE,NA,NA
"170","https://t.co/cshKe4Uw5Y DÊLIKE
A Descoberta de Novos Medicamentos e Terapêuticas - Acelerados pela #AI e a… https://t.co/PTD4okTSfd",FALSE,0,NA,2021-09-08 18:15:12,TRUE,NA,"1435668054818631683",NA,"<a href=""http://etus.com.br"" rel=""nofollow"">Etus Brasil</a>","BrazilSFE",0,FALSE,FALSE,NA,NA
"171","IA² MCTI apresenta as 15 empresas âncora selecionadas para o programa

https://t.co/DxAvL47N4g

#inovacaoaberta… https://t.co/3bFN9lfziD",FALSE,2,NA,2021-09-08 17:00:17,TRUE,NA,"1435649203703779330",NA,"<a href=""https://www.facebook.com/socialmlabs/"" rel=""nofollow"">mLabs - Gestão de Redes Sociais</a>","BRpaisdigital",1,FALSE,FALSE,NA,NA
"172","RT @istoe_dinheiro: Apontado como um dos países mais seguros do mundo, Cingapura colocou dois robôs em teste para detectar mau comportament…",FALSE,0,NA,2021-09-08 16:10:46,FALSE,NA,"1435636739532525582",NA,"<a href=""https://mobile.twitter.com"" rel=""nofollow"">Twitter Web App</a>","FAXINANOPODER_",1,TRUE,FALSE,NA,NA
"173","<U+0001F4A1> É amanhã (9/9), às 9h30, o #webinar sobre inovação e cultura de dados, com transmissão ao vivo pelo #YouTube da… https://t.co/iUVpjQqqDU",FALSE,3,NA,2021-09-08 15:54:51,TRUE,NA,"1435632735167684610",NA,"<a href=""https://mobile.twitter.com"" rel=""nofollow"">Twitter Web App</a>","esmpsp",0,FALSE,FALSE,NA,NA
"174","RT @dragoesgaragem: E se o próximo filme que você fosse ver fosse escrito por uma Inteligência Artificial, será que ia ser bom?

Vem escuta…",FALSE,0,NA,2021-09-08 15:05:05,FALSE,NA,"1435620209738620936",NA,"<a href=""https://mobile.twitter.com"" rel=""nofollow"">Twitter Web App</a>","FPallmeiras",7,TRUE,FALSE,NA,NA
"175","ABES avalia que a lei sancionada pelo Estado do #Ceara que impõe a supervisão humana a todos os sistemas de Intelig… https://t.co/ymUVi0VQQ4",FALSE,0,NA,2021-09-08 14:15:07,TRUE,NA,"1435607635370385412",NA,"<a href=""https://www.facebook.com/socialmlabs/"" rel=""nofollow"">mLabs - Gestão de Redes Sociais</a>","ABES_SOFTWARE",0,FALSE,FALSE,NA,NA
"176","Nossa homenagem a todos os profissionais  que se dedicam todos os dias na gestão das organizações

Entre em contato… https://t.co/nvk0cv6OwO",FALSE,0,NA,2021-09-08 13:43:15,TRUE,NA,"1435599618545438723",NA,"<a href=""https://mobile.twitter.com"" rel=""nofollow"">Twitter Web App</a>","elevtecnologia",0,FALSE,FALSE,NA,NA
"177","Vamos conversar sobre #processoeletronico e #InteligenciaArtificial com quem sabe muito!!! 
Dra @deborabonat !  16/… https://t.co/YcJuaot9if",FALSE,1,NA,2021-09-08 13:35:19,TRUE,NA,"1435597620630757381",NA,"<a href=""http://twitter.com/download/iphone"" rel=""nofollow"">Twitter for iPhone</a>","ViviRamone",0,FALSE,FALSE,NA,NA
"178","RT @MicrosoftBr: Ao adotar soluções inteligentes para as organizações, como a #InteligênciaArtificial, você traz diferentes oportunidades d…",FALSE,0,NA,2021-09-08 13:09:00,FALSE,NA,"1435590999145865225",NA,"<a href=""http://twitter.com/download/iphone"" rel=""nofollow"">Twitter for iPhone</a>","izabella_cesar_",3,TRUE,FALSE,NA,NA
"179","IBM anuncia inovações e insights com uso de tecnologias de IA e nuvem no US Open 2021, ajudando os fãs a se mantere… https://t.co/If0F7OB6lX",FALSE,0,NA,2021-09-08 12:51:31,TRUE,NA,"1435586599253856256",NA,"<a href=""https://mobile.twitter.com"" rel=""nofollow"">Twitter Web App</a>","portalcryptoid",0,FALSE,FALSE,NA,NA
"180","RT @MicrosoftBr: Ao adotar soluções inteligentes para as organizações, como a #InteligênciaArtificial, você traz diferentes oportunidades d…",FALSE,0,NA,2021-09-08 12:18:52,FALSE,NA,"1435578381677039621",NA,"<a href=""http://twitter.com/download/iphone"" rel=""nofollow"">Twitter for iPhone</a>","rugolini",3,TRUE,FALSE,NA,NA
